Alfa Romeo ;https://www.ebay-kleinanzeigen.de/p-anzeige-aufgeben.html#?path=210/216/alfa_romeo&isParent=true
Audi ;https://www.ebay-kleinanzeigen.de/p-anzeige-aufgeben.html#?path=210/216/audi&isParent=true
BMW ;https://www.ebay-kleinanzeigen.de/p-anzeige-aufgeben.html#?path=210/216/bmw&isParent=true
Chevrolet ;https://www.ebay-kleinanzeigen.de/p-anzeige-aufgeben.html#?path=210/216/chevrolet&isParent=true
Chrysler ;https://www.ebay-kleinanzeigen.de/p-anzeige-aufgeben.html#?path=210/216/chrysler&isParent=true
Citroen ;https://www.ebay-kleinanzeigen.de/p-anzeige-aufgeben.html#?path=210/216/citroen&isParent=true
Dacia ;https://www.ebay-kleinanzeigen.de/p-anzeige-aufgeben.html#?path=210/216/dacia&isParent=true
Daewoo ;https://www.ebay-kleinanzeigen.de/p-anzeige-aufgeben.html#?path=210/216/daewoo&isParent=true
Daihatsu ;https://www.ebay-kleinanzeigen.de/p-anzeige-aufgeben.html#?path=210/216/daihatsu&isParent=true
Fiat ;https://www.ebay-kleinanzeigen.de/p-anzeige-aufgeben.html#?path=210/216/fiat&isParent=true
Ford ;https://www.ebay-kleinanzeigen.de/p-anzeige-aufgeben.html#?path=210/216/ford&isParent=true
Honda ;https://www.ebay-kleinanzeigen.de/p-anzeige-aufgeben.html#?path=210/216/honda&isParent=true
Hyundai ;https://www.ebay-kleinanzeigen.de/p-anzeige-aufgeben.html#?path=210/216/hyundai&isParent=true
Jaguar ;https://www.ebay-kleinanzeigen.de/p-anzeige-aufgeben.html#?path=210/216/jaguar&isParent=true
Jeep ;https://www.ebay-kleinanzeigen.de/p-anzeige-aufgeben.html#?path=210/216/jeep&isParent=true
Kia ;https://www.ebay-kleinanzeigen.de/p-anzeige-aufgeben.html#?path=210/216/kia&isParent=true
Lada ;https://www.ebay-kleinanzeigen.de/p-anzeige-aufgeben.html#?path=210/216/lada&isParent=true
Lancia ;https://www.ebay-kleinanzeigen.de/p-anzeige-aufgeben.html#?path=210/216/lancia&isParent=true
Mazda ;https://www.ebay-kleinanzeigen.de/p-anzeige-aufgeben.html#?path=210/216/mazda&isParent=true
Mercedes Benz ;https://www.ebay-kleinanzeigen.de/p-anzeige-aufgeben.html#?path=210/216/mercedes_benz&isParent=true
Mini ;https://www.ebay-kleinanzeigen.de/p-anzeige-aufgeben.html#?path=210/216/mini&isParent=true
Mitsubishi ;https://www.ebay-kleinanzeigen.de/p-anzeige-aufgeben.html#?path=210/216/mitsubishi&isParent=true
Nissan ;https://www.ebay-kleinanzeigen.de/p-anzeige-aufgeben.html#?path=210/216/nissan&isParent=true
Opel ;https://www.ebay-kleinanzeigen.de/p-anzeige-aufgeben.html#?path=210/216/opel&isParent=true
Peugeot ;https://www.ebay-kleinanzeigen.de/p-anzeige-aufgeben.html#?path=210/216/peugeot&isParent=true
Porsche ;https://www.ebay-kleinanzeigen.de/p-anzeige-aufgeben.html#?path=210/216/porsche&isParent=true
Renault ;https://www.ebay-kleinanzeigen.de/p-anzeige-aufgeben.html#?path=210/216/renault&isParent=true
Rover ;https://www.ebay-kleinanzeigen.de/p-anzeige-aufgeben.html#?path=210/216/rover&isParent=true
Saab ;https://www.ebay-kleinanzeigen.de/p-anzeige-aufgeben.html#?path=210/216/saab&isParent=true
Seat ;https://www.ebay-kleinanzeigen.de/p-anzeige-aufgeben.html#?path=210/216/seat&isParent=true
Skoda ;https://www.ebay-kleinanzeigen.de/p-anzeige-aufgeben.html#?path=210/216/skoda&isParent=true
Smart ;https://www.ebay-kleinanzeigen.de/p-anzeige-aufgeben.html#?path=210/216/smart&isParent=true
Subaru ;https://www.ebay-kleinanzeigen.de/p-anzeige-aufgeben.html#?path=210/216/subaru&isParent=true
Suzuki ;https://www.ebay-kleinanzeigen.de/p-anzeige-aufgeben.html#?path=210/216/suzuki&isParent=true
Toyota ;https://www.ebay-kleinanzeigen.de/p-anzeige-aufgeben.html#?path=210/216/toyota&isParent=true
Trabant ;https://www.ebay-kleinanzeigen.de/p-anzeige-aufgeben.html#?path=210/216/trabant&isParent=true
Volkswagen ;https://www.ebay-kleinanzeigen.de/p-anzeige-aufgeben.html#?path=210/216/volkswagen&isParent=true
Volvo ;https://www.ebay-kleinanzeigen.de/p-anzeige-aufgeben.html#?path=210/216/volvo&isParent=true
Weitere Autos ;https://www.ebay-kleinanzeigen.de/p-anzeige-aufgeben.html#?path=210/216/sonstige_autos&isParent=true
Auto Hifi & Navigation ;https://www.ebay-kleinanzeigen.de/p-anzeige-aufgeben.html#?path=210/223/auto_hifi_navigation&isParent=false
Ersatz- & Reparaturteile ;https://www.ebay-kleinanzeigen.de/p-anzeige-aufgeben.html#?path=210/223/ersatz_reparaturteile&isParent=false
Reifen & Felgen ;https://www.ebay-kleinanzeigen.de/p-anzeige-aufgeben.html#?path=210/223/reifen_felgen&isParent=false
Tuning & Styling ;https://www.ebay-kleinanzeigen.de/p-anzeige-aufgeben.html#?path=210/223/tuning_styling&isParent=false
Werkzeug Autoteile & Reifen;https://www.ebay-kleinanzeigen.de/p-anzeige-aufgeben.html#?path=210/223/werkzeug&isParent=false
Weitere Autoteile ;https://www.ebay-kleinanzeigen.de/p-anzeige-aufgeben.html#?path=210/223/sonstige_autoteile&isParent=false
Boote & Bootszubehör ;https://www.ebay-kleinanzeigen.de/p-anzeige-aufgeben.html#?path=210/211&isParent=false
Damen Fahrräder ;https://www.ebay-kleinanzeigen.de/p-anzeige-aufgeben.html#?path=210/217/damen&isParent=false
Herren Fahrräder;https://www.ebay-kleinanzeigen.de/p-anzeige-aufgeben.html#?path=210/217/herren&isParent=false
Kinder Fahrräder;https://www.ebay-kleinanzeigen.de/p-anzeige-aufgeben.html#?path=210/217/kinder&isParent=false
Zubehör Fahrräder;https://www.ebay-kleinanzeigen.de/p-anzeige-aufgeben.html#?path=210/217/zubehoer&isParent=false
Weitere Fahrräder ;https://www.ebay-kleinanzeigen.de/p-anzeige-aufgeben.html#?path=210/217/weiteres&isParent=false
Mofas & Mopeds ;https://www.ebay-kleinanzeigen.de/p-anzeige-aufgeben.html#?path=210/305/mofa&isParent=true
Motorräder ;https://www.ebay-kleinanzeigen.de/p-anzeige-aufgeben.html#?path=210/305/motorrad&isParent=true
Quads ;https://www.ebay-kleinanzeigen.de/p-anzeige-aufgeben.html#?path=210/305/quad&isParent=true
Motorroller & Scooter ;https://www.ebay-kleinanzeigen.de/p-anzeige-aufgeben.html#?path=210/305/roller&isParent=true
Ersatz- & Reparaturteile ;https://www.ebay-kleinanzeigen.de/p-anzeige-aufgeben.html#?path=210/306/teile&isParent=false
Reifen & Felgen ;https://www.ebay-kleinanzeigen.de/p-anzeige-aufgeben.html#?path=210/306/reifen_felgen&isParent=false
Motorradbekleidung ;https://www.ebay-kleinanzeigen.de/p-anzeige-aufgeben.html#?path=210/306/kleidung&isParent=false
Nutzfahrzeuge & Anhänger;https://www.ebay-kleinanzeigen.de/p-anzeige-aufgeben.html#?path=210/276&isParent=false
Reparaturen & Dienstleistungen;https://www.ebay-kleinanzeigen.de/p-anzeige-aufgeben.html#?path=210/280&isParent=false
Wohnwagen & -mobile;https://www.ebay-kleinanzeigen.de/p-anzeige-aufgeben.html#?path=210/220&isParent=false
Weiteres Auto, Rad & Boot;https://www.ebay-kleinanzeigen.de/p-anzeige-aufgeben.html#?path=210/241&isParent=false
Altenpflege Dienstleistungen;https://www.ebay-kleinanzeigen.de/p-anzeige-aufgeben.html#?path=297/288&isParent=false
Auto, Rad & Boot;https://www.ebay-kleinanzeigen.de/p-anzeige-aufgeben.html#?path=297/289&isParent=false
Babysitter & Kinderbetreuung;https://www.ebay-kleinanzeigen.de/p-anzeige-aufgeben.html#?path=297/290&isParent=false
Bau & Handwerk ;https://www.ebay-kleinanzeigen.de/p-anzeige-aufgeben.html#?path=297/291/bau_handwerk&isParent=false
Garten- & Landschaftsbau ;https://www.ebay-kleinanzeigen.de/p-anzeige-aufgeben.html#?path=297/291/garten_landschaftsbau&isParent=false
Haushaltshilfe ;https://www.ebay-kleinanzeigen.de/p-anzeige-aufgeben.html#?path=297/291/haushaltshilfe&isParent=false
Reinigungsservice ;https://www.ebay-kleinanzeigen.de/p-anzeige-aufgeben.html#?path=297/291/reingungsservice&isParent=false
Reparaturen ;https://www.ebay-kleinanzeigen.de/p-anzeige-aufgeben.html#?path=297/291/reparaturen&isParent=false
Wohnungsauflösungen ;https://www.ebay-kleinanzeigen.de/p-anzeige-aufgeben.html#?path=297/291/wohnungsaufloesungen&isParent=false
Weitere Haus & Garten;https://www.ebay-kleinanzeigen.de/p-anzeige-aufgeben.html#?path=297/291/sonstige&isParent=false
Künstler & Musiker;https://www.ebay-kleinanzeigen.de/p-anzeige-aufgeben.html#?path=297/292&isParent=false
Multimedia & Elektronik;https://www.ebay-kleinanzeigen.de/p-anzeige-aufgeben.html#?path=297/293&isParent=false
Reise & Event;https://www.ebay-kleinanzeigen.de/p-anzeige-aufgeben.html#?path=297/294&isParent=false
Tierbetreuung & Training;https://www.ebay-kleinanzeigen.de/p-anzeige-aufgeben.html#?path=297/295&isParent=false
Umzug & Transport;https://www.ebay-kleinanzeigen.de/p-anzeige-aufgeben.html#?path=297/296&isParent=false
Weitere;https://www.ebay-kleinanzeigen.de/p-anzeige-aufgeben.html#?path=297/298&isParent=false
Bahn & ÖPNV;https://www.ebay-kleinanzeigen.de/p-anzeige-aufgeben.html#?path=231/286&isParent=false
Comedy & Kabarett;https://www.ebay-kleinanzeigen.de/p-anzeige-aufgeben.html#?path=231/254&isParent=false
Gutscheine;https://www.ebay-kleinanzeigen.de/p-anzeige-aufgeben.html#?path=231/287&isParent=false
Kinder;https://www.ebay-kleinanzeigen.de/p-anzeige-aufgeben.html#?path=231/252&isParent=false
Konzerte;https://www.ebay-kleinanzeigen.de/p-anzeige-aufgeben.html#?path=231/255&isParent=false
Sport;https://www.ebay-kleinanzeigen.de/p-anzeige-aufgeben.html#?path=231/257&isParent=false
Theater & Musical;https://www.ebay-kleinanzeigen.de/p-anzeige-aufgeben.html#?path=231/251&isParent=false
Weitere Eintrittskarten & Tickets;https://www.ebay-kleinanzeigen.de/p-anzeige-aufgeben.html#?path=231/256&isParent=false
Altenpflege Familie;https://www.ebay-kleinanzeigen.de/p-anzeige-aufgeben.html#?path=17/236&isParent=false
;
;
;
;
;
;
;
;
;
;
;
;
;
;
;
;
;
;
;
;
;
;
;
;
;
;
;
